game_id,date,season,home_id,home_abbrev,home_score,away_id,away_abbrev,away_score,status,neutral
401721255,2024-09-22T17:00Z,2024,9,NY,83.0,20,ATL,69.0,STATUS_FINAL,False
401721253,2024-09-22T19:00Z,2024,18,CON,93.0,5,IND,69.0,STATUS_FINAL,False
401721261,2024-09-22T21:00Z,2024,8,MIN,102.0,11,PHX,95.0,STATUS_FINAL,False
401721256,2024-09-23T02:00Z,2024,17,LV,78.0,14,SEA,67.0,STATUS_FINAL,False
401721258,2024-09-24T23:30Z,2024,9,NY,91.0,20,ATL,82.0,STATUS_FINAL,False
401721262,2024-09-25T01:30Z,2024,17,LV,83.0,14,SEA,76.0,STATUS_FINAL,False
401721254,2024-09-25T23:30Z,2024,18,CON,87.0,5,IND,81.0,STATUS_FINAL,False
401721260,2024-09-26T01:30Z,2024,8,MIN,101.0,11,PHX,88.0,STATUS_FINAL,False
401724938,2024-09-29T19:00Z,2024,9,NY,87.0,17,LV,77.0,STATUS_FINAL,False
401725075,2024-09-30T00:30Z,2024,8,MIN,70.0,18,CON,73.0,STATUS_FINAL,False
401724939,2024-10-01T23:30Z,2024,9,NY,88.0,17,LV,84.0,STATUS_FINAL,False
401725076,2024-10-02T01:30Z,2024,8,MIN,77.0,18,CON,70.0,STATUS_FINAL,False
401725077,2024-10-04T23:30Z,2024,18,CON,81.0,8,MIN,90.0,STATUS_FINAL,False
401724940,2024-10-05T01:30Z,2024,17,LV,95.0,9,NY,81.0,STATUS_FINAL,False
401724941,2024-10-06T19:00Z,2024,17,LV,62.0,9,NY,76.0,STATUS_FINAL,False
401725078,2024-10-06T21:00Z,2024,18,CON,92.0,8,MIN,82.0,STATUS_FINAL,False
401725079,2024-10-09T00:00Z,2024,8,MIN,88.0,18,CON,77.0,STATUS_FINAL,False
401726988,2024-10-11T00:00Z,2024,9,NY,93.0,8,MIN,95.0,STATUS_FINAL,False
401726989,2024-10-13T19:00Z,2024,9,NY,80.0,8,MIN,66.0,STATUS_FINAL,False
401726990,2024-10-17T00:00Z,2024,8,MIN,77.0,9,NY,80.0,STATUS_FINAL,False
401726991,2024-10-19T00:00Z,2024,8,MIN,82.0,9,NY,80.0,STATUS_FINAL,False
401726992,2024-10-21T00:00Z,2024,9,NY,67.0,8,MIN,62.0,STATUS_FINAL,False
